Workbook

Sheet Instrucciones
A1: INVENTARIO CON SCANNER · LOBSTER (existencias de Siigo del 21 de octubre de 2026, 1:43 p. m.)
A3: 1. Abre la hoja "Escaneo", pon el cursor en A2 y escanea cada unidad, una por fila (el scanner debe terminar con Enter).
A4: 2. Al escanear, la columna B muestra el producto. Si dice NO ENCONTRADO, el código no está en la lista (revisa la unidad).
A5: 3. La hoja "Conteo" compara lo contado con la existencia de Siigo: OK, FALTAN n o SOBRAN n. Filtra la columna Estado para ver solo lo que no cuadra.
A6: 4. Los productos sin código de barras están en la hoja "Sin código de barras": se cuentan a mano y se anota el conteo en la columna C.
A8: IMPORTANTE
A9: · Solo se usa la existencia de Siigo. El stock de Shopify no se tiene en cuenta.
A10: · Catálogo web: el código de barras sale de Shopify. Colecciones anteriores: el código de barras es el mismo código de Siigo (14 dígitos); si la etiqueta trae otro código, avísame.
A11: · No cambies el formato de texto de la columna A de "Escaneo" (conserva los ceros iniciales).
A12: · Para empezar de nuevo: selecciona A2:A5000 de "Escaneo" y presiona Suprimir.
A13: · Dos códigos de Siigo tienen existencia negativa (CL-CPC-3T y 50402216378681): conviene corregirlos en Siigo.

Sheet Escaneo
A1: Código escaneado | B1: Producto | C1: Talla | D1: Resultado
B2: =IF(A2="","",IFERROR(INDEX(Conteo!$C$2:$C$396,MATCH(A2,Conteo!$A$2:$A$396,0)),"")) | C2: =IF(A2="","",IFERROR(INDEX(Conteo!$D$2:$D$396,MATCH(A2,Conteo!$A$2:$A$396,0)),"")) | D2: =IF(A2="","",IF(ISNUMBER(MATCH(A2,Conteo!$A$2:$A$396,0)),"OK","NO ENCONTRADO"))
B3: =IF(A3="","",IFERROR(INDEX(Conteo!$C$2:$C$396,MATCH(A3,Conteo!$A$2:$A$396,0)),"")) | C3: =IF(A3="","",IFERROR(INDEX(Conteo!$D$2:$D$396,MATCH(A3,Conteo!$A$2:$A$396,0)),"")) | D3: =IF(A3="","",IF(ISNUMBER(MATCH(A3,Conteo!$A$2:$A$396,0)),"OK","NO ENCONTRADO"))
B4: =IF(A4="","",IFERROR(INDEX(Conteo!$C$2:$C$396,MATCH(A4,Conteo!$A$2:$A$396,0)),"")) | C4: =IF(A4="","",IFERROR(INDEX(Conteo!$D$2:$D$396,MATCH(A4,Conteo!$A$2:$A$396,0)),"")) | D4: =IF(A4="","",IF(ISNUMBER(MATCH(A4,Conteo!$A$2:$A$396,0)),"OK","NO ENCONTRADO"))
B5: =IF(A5="","",IFERROR(INDEX(Conteo!$C$2:$C$396,MATCH(A5,Conteo!$A$2:$A$396,0)),"")) | C5: =IF(A5="","",IFERROR(INDEX(Conteo!$D$2:$D$396,MATCH(A5,Conteo!$A$2:$A$396,0)),"")) | D5: =IF(A5="","",IF(ISNUMBER(MATCH(A5,Conteo!$A$2:$A$396,0)),"OK","NO ENCONTRADO"))
B6: =IF(A6="","",IFERROR(INDEX(Conteo!$C$2:$C$396,MATCH(A6,Conteo!$A$2:$A$396,0)),"")) | C6: =IF(A6="","",IFERROR(INDEX(Conteo!$D$2:$D$396,MATCH(A6,Conteo!$A$2:$A$396,0)),"")) | D6: =IF(A6="","",IF(ISNUMBER(MATCH(A6,Conteo!$A$2:$A$396,0)),"OK","NO ENCONTRADO"))
B7: =IF(A7="","",IFERROR(INDEX(Conteo!$C$2:$C$396,MATCH(A7,Conteo!$A$2:$A$396,0)),"")) | C7: =IF(A7="","",IFERROR(INDEX(Conteo!$D$2:$D$396,MATCH(A7,Conteo!$A$2:$A$396,0)),"")) | D7: =IF(A7="","",IF(ISNUMBER(MATCH(A7,Conteo!$A$2:$A$396,0)),"OK","NO ENCONTRADO"))
B8: =IF(A8="","",IFERROR(INDEX(Conteo!$C$2:$C$396,MATCH(A8,Conteo!$A$2:$A$396,0)),"")) | C8: =IF(A8="","",IFERROR(INDEX(Conteo!$D$2:$D$396,MATCH(A8,Conteo!$A$2:$A$396,0)),"")) | D8: =IF(A8="","",IF(ISNUMBER(MATCH(A8,Conteo!$A$2:$A$396,0)),"OK","NO ENCONTRADO"))
B9: =IF(A9="","",IFERROR(INDEX(Conteo!$C$2:$C$396,MATCH(A9,Conteo!$A$2:$A$396,0)),"")) | C9: =IF(A9="","",IFERROR(INDEX(Conteo!$D$2:$D$396,MATCH(A9,Conteo!$A$2:$A$396,0)),"")) | D9: =IF(A9="","",IF(ISNUMBER(MATCH(A9,Conteo!$A$2:$A$396,0)),"OK","NO ENCONTRADO"))
B10: =IF(A10="","",IFERROR(INDEX(Conteo!$C$2:$C$396,MATCH(A10,Conteo!$A$2:$A$396,0)),"")) | C10: =IF(A10="","",IFERROR(INDEX(Conteo!$D$2:$D$396,MATCH(A10,Conteo!$A$2:$A$396,0)),"")) | D10: =IF(A10="","",IF(ISNUMBER(MATCH(A10,Conteo!$A$2:$A$396,0)),"OK","NO ENCONTRADO"))
B11: =IF(A11="","",IFERROR(INDEX(Conteo!$C$2:$C$396,MATCH(A11,Conteo!$A$2:$A$396,0)),"")) | C11: =IF(A11="","",IFERROR(INDEX(Conteo!$D$2:$D$396,MATCH(A11,Conteo!$A$2:$A$396,0)),"")) | D11: =IF(A11="","",IF(ISNUMBER(MATCH(A11,Conteo!$A$2:$A$396,0)),"OK","NO ENCONTRADO"))
B12: =IF(A12="","",IFERROR(INDEX(Conteo!$C$2:$C$396,MATCH(A12,Conteo!$A$2:$A$396,0)),"")) | C12: =IF(A12="","",IFERROR(INDEX(Conteo!$D$2:$D$396,MATCH(A12,Conteo!$A$2:$A$396,0)),"")) | D12: =IF(A12="","",IF(ISNUMBER(MATCH(A12,Conteo!$A$2:$A$396,0)),"OK","NO ENCONTRADO"))
B13: =IF(A13="","",IFERROR(INDEX(Conteo!$C$2:$C$396,MATCH(A13,Conteo!$A$2:$A$396,0)),"")) | C13: =IF(A13="","",IFERROR(INDEX(Conteo!$D$2:$D$396,MATCH(A13,Conteo!$A$2:$A$396,0)),"")) | D13: =IF(A13="","",IF(ISNUMBER(MATCH(A13,Conteo!$A$2:$A$396,0)),"OK","NO ENCONTRADO"))
... B5000: =IF(A5000="","",IFERROR(INDEX(Conteo!$C$2:$C$396,MATCH(A5000,Conteo!$A$2:$A$396,0)),"")) | C5000: =IF(A5000="","",IFERROR(INDEX(Conteo!$D$2:$D$396,MATCH(A5000,Conteo!$A$2:$A$396,0)),"")) | D5000: =IF(A5000="","",IF(ISNUMBER(MATCH(A5000,Conteo!$A$2:$A$396,0)),"OK","NO ENCONTRADO"))

Sheet Conteo
A1: Código de barras | B1: Código Siigo | C1: Producto | D1: Talla | E1: Existencia Siigo | F1: Contado | G1: Diferencia | H1: Estado | I1: Origen | J1: Nota
A2: 807329458 | B2: TRIPACK-MED-24 | C2: Tripack Medias | D2: 2/4 | E2: 0 | F2: =SUMPRODUCT(--(Escaneo!$A$2:$A$5000=A2)) | G2: =F2-E2 | H2: =IF(F2=E2,"OK",IF(F2<E2,"FALTAN "&(E2-F2),"SOBRAN "&(F2-E2))) | I2: Catálogo web | J2: No existe en Siigo
A3: 553155337 | B3: TRIPACK-MED-68 | C3: Tripack Medias | D3: 6/8 | E3: 0 | F3: =SUMPRODUCT(--(Escaneo!$A$2:$A$5000=A3)) | G3: =F3-E3 | H3: =IF(F3=E3,"OK",IF(F3<E3,"FALTAN "&(E3-F3),"SOBRAN "&(F3-E3))) | I3: Catálogo web | J3: No existe en Siigo
A4: 63855673 | B4: CL-MBBO-24 | C4: Medias Barras Bravas Ocre | D4: 2/4 | E4: 5 | F4: =SUMPRODUCT(--(Escaneo!$A$2:$A$5000=A4)) | G4: =F4-E4 | H4: =IF(F4=E4,"OK",IF(F4<E4,"FALTAN "&(E4-F4),"SOBRAN "&(F4-E4))) | I4: Catálogo web
A5: 69426233 | B5: CL-MBBO-46 | C5: Medias Barras Bravas Ocre | D5: 4/6 | E5: 7 | F5: =SUMPRODUCT(--(Escaneo!$A$2:$A$5000=A5)) | G5: =F5-E5 | H5: =IF(F5=E5,"OK",IF(F5<E5,"FALTAN "&(E5-F5),"SOBRAN "&(F5-E5))) | I5: Catálogo web
A6: 63822905 | B6: CL-MBBA-24 | C6: Medias Barras Bravas Azul | D6: 2/4 | E6: 4 | F6: =SUMPRODUCT(--(Escaneo!$A$2:$A$5000=A6)) | G6: =F6-E6 | H6: =IF(F6=E6,"OK",IF(F6<E6,"FALTAN "&(E6-F6),"SOBRAN "&(F6-E6))) | I6: Catálogo web
A7: 71195705 | B7: CL-MBBA-46 | C7: Medias Barras Bravas Azul | D7: 4/6 | E7: 7 | F7: =SUMPRODUCT(--(Escaneo!$A$2:$A$5000=A7)) | G7: =F7-E7 | H7: =IF(F7=E7,"OK",IF(F7<E7,"FALTAN "&(E7-F7),"SOBRAN "&(F7-E7))) | I7: Catálogo web
A8: 63790137 | B8: CL-MBBM-24 | C8: Medias Barras Bravas Mostaza | D8: 2/4 | E8: 4 | F8: =SUMPRODUCT(--(Escaneo!$A$2:$A$5000=A8)) | G8: =F8-E8 | H8: =IF(F8=E8,"OK",IF(F8<E8,"FALTAN "&(E8-F8),"SOBRAN "&(F8-E8))) | I8: Catálogo web
A9: 71523385 | B9: CL-MBBM-46 | C9: Medias Barras Bravas Mostaza | D9: 4/6 | E9: 8 | F9: =SUMPRODUCT(--(Escaneo!$A$2:$A$5000=A9)) | G9: =F9-E9 | H9: =IF(F9=E9,"OK",IF(F9<E9,"FALTAN "&(E9-F9),"SOBRAN "&(F9-E9))) | I9: Catálogo web
A10: 63757369 | B10: CL-VTB-2T | C10: Vestido Team Blossom | D10: 2T | E10: 0 | F10: =SUMPRODUCT(--(Escaneo!$A$2:$A$5000=A10)) | G10: =F10-E10 | H10: =IF(F10=E10,"OK",IF(F10<E10,"FALTAN "&(E10-F10),"SOBRAN "&(F10-E10))) | I10: Catálogo web
A11: 266949413 | B11: CL-VTB-3T | C11: Vestido Team Blossom | D11: 3T | E11: 0 | F11: =SUMPRODUCT(--(Escaneo!$A$2:$A$5000=A11)) | G11: =F11-E11 | H11: =IF(F11=E11,"OK",IF(F11<E11,"FALTAN "&(E11-F11),"SOBRAN "&(F11-E11))) | I11: Catálogo web
A12: 075776309 | B12: CL-VTB-4T | C12: Vestido Team Blossom | D12: 4T | E12: 0 | F12: =SUMPRODUCT(--(Escaneo!$A$2:$A$5000=A12)) | G12: =F12-E12 | H12: =IF(F12=E12,"OK",IF(F12<E12,"FALTAN "&(E12-F12),"SOBRAN "&(F12-E12))) | I12: Catálogo web
A13: 871221807 | B13: CL-VTB-5T | C13: Vestido Team Blossom | D13: 5T | E13: 0 | F13: =SUMPRODUCT(--(Escaneo!$A$2:$A$5000=A13)) | G13: =F13-E13 | H13: =IF(F13=E13,"OK",IF(F13<E13,"FALTAN "&(E13-F13),"SOBRAN "&(F13-E13))) | I13: Catálogo web
A14: 747649091 | B14: CL-VTB-6T | C14: Vestido Team Blossom | D14: 6T | E14: 1 | F14: =SUMPRODUCT(--(Escaneo!$A$2:$A$5000=A14)) | G14: =F14-E14 | H14: =IF(F14=E14,"OK",IF(F14<E14,"FALTAN "&(E14-F14),"SOBRAN "&(F14-E14))) | I14: Catálogo web
A15: 671689786 | B15: CL-VTB-8T | C15: Vestido Team Blossom | D15: 8T | E15: 0 | F15: =SUMPRODUCT(--(Escaneo!$A$2:$A$5000=A15)) | G15: =F15-E15 | H15: =IF(F15=E15,"OK",IF(F15<E15,"FALTAN "&(E15-F15),"SOBRAN "&(F15-E15))) | I15: Catálogo web
... A90: 51703609 | B90: CL-CPC-10 | C90: Camiseta Pink Cherry | D90: 10 | E90: 0 | F90: =SUMPRODUCT(--(Escaneo!$A$2:$A$5000=A90)) | G90: =F90-E90 | H90: =IF(F90=E90,"OK",IF(F90<E90,"FALTAN "&(E90-F90),"SOBRAN "&(F90-E90))) | I90: Catálogo web
A91: 587578083 | B91: 50387509543225 | C91: Buzo Croissants1T | E91: 0 | F91: =SUMPRODUCT(--(Escaneo!$A$2:$A$5000=A91)) | G91: =F91-E91 | H91: =IF(F91=E91,"OK",IF(F91<E91,"FALTAN "&(E91-F91),"SOBRAN "&(F91-E91))) | I91: Colecciones anteriores | J91: Código de barras del archivo nuevo
A92: 235388725 | B92: 50387509575993 | C92: Buzo Croissants2T | E92: 0 | F92: =SUMPRODUCT(--(Escaneo!$A$2:$A$5000=A92)) | G92: =F92-E92 | H92: =IF(F92=E92,"OK",IF(F92<E92,"FALTAN "&(E92-F92),"SOBRAN "&(F92-E92))) | I92: Colecciones anteriores | J92: Código de barras del archivo nuevo
A93: 274436155 | B93: 50387509608761 | C93: Buzo Croissants3T | E93: 0 | F93: =SUMPRODUCT(--(Escaneo!$A$2:$A$5000=A93)) | G93: =F93-E93 | H93: =IF(F93=E93,"OK",IF(F93<E93,"FALTAN "&(E93-F93),"SOBRAN "&(F93-E93))) | I93: Colecciones anteriores | J93: Código de barras del archivo nuevo
A94: 637535175 | B94: 50387509641529 | C94: Buzo Croissants4T | E94: 0 | F94: =SUMPRODUCT(--(Escaneo!$A$2:$A$5000=A94)) | G94: =F94-E94 | H94: =IF(F94=E94,"OK",IF(F94<E94,"FALTAN "&(E94-F94),"SOBRAN "&(F94-E94))) | I94: Colecciones anteriores | J94: Código de barras del archivo nuevo
A95: 719240165 | B95: 50387509674297 | C95: Buzo Croissants5T | E95: 0 | F95: =SUMPRODUCT(--(Escaneo!$A$2:$A$5000=A95)) | G95: =F95-E95 | H95: =IF(F95=E95,"OK",IF(F95<E95,"FALTAN "&(E95-F95),"SOBRAN "&(F95-E95))) | I95: Colecciones anteriores | J95: Código de barras del archivo nuevo
A96: 50387509707065 | B96: 50387509707065.00 | C96: Buzo Croissants6T | E96: 0 | F96: =SUMPRODUCT(--(Escaneo!$A$2:$A$5000=A96)) | G96: =F96-E96 | H96: =IF(F96=E96,"OK",IF(F96<E96,"FALTAN "&(E96-F96),"SOBRAN "&(F96-E96))) | I96: Colecciones anteriores | J96: Sin código nuevo: se usa el código Siigo
A97: 312497127 | B97: 50387509739833 | C97: Buzo Croissants7-8T | E97: 0 | F97: =SUMPRODUCT(--(Escaneo!$A$2:$A$5000=A97)) | G97: =F97-E97 | H97: =IF(F97=E97,"OK",IF(F97<E97,"FALTAN "&(E97-F97),"SOBRAN "&(F97-E97))) | I97: Colecciones anteriores | J97: Código de barras del archivo nuevo
A98: 98075705 | B98: 48924598075705 | C98: Buzo Mixer Café Caramelo4T | E98: 0 | F98: =SUMPRODUCT(--(Escaneo!$A$2:$A$5000=A98)) | G98: =F98-E98 | H98: =IF(F98=E98,"OK",IF(F98<E98,"FALTAN "&(E98-F98),"SOBRAN "&(F98-E98))) | I98: Colecciones anteriores | J98: Código de barras del archivo nuevo
A99: 98141241 | B99: 48924598141241 | C99: Buzo Mixer Café Caramelo6T | E99: 0 | F99: =SUMPRODUCT(--(Escaneo!$A$2:$A$5000=A99)) | G99: =F99-E99 | H99: =IF(F99=E99,"OK",IF(F99<E99,"FALTAN "&(E99-F99),"SOBRAN "&(F99-E99))) | I99: Colecciones anteriores | J99: Código de barras del archivo nuevo
A100: 98174009 | B100: 48924598174009 | C100: Buzo Mixer Café Caramelo7-8T | E100: 0 | F100: =SUMPRODUCT(--(Escaneo!$A$2:$A$5000=A100)) | G100: =F100-E100 | H100: =IF(F100=E100,"OK",IF(F100<E100,"FALTAN "&(E100-F100),"SOBRAN "&(F100-E100))) | I100: Colecciones anteriores | J100: Código de barras del archivo nuevo
A101: 92931129 | B101: 48924592931129 | C101: Buzo Mixer Palo de Rosa6T | E101: 0 | F101: =SUMPRODUCT(--(Escaneo!$A$2:$A$5000=A101)) | G101: =F101-E101 | H101: =IF(F101=E101,"OK",IF(F101<E101,"FALTAN "&(E101-F101),"SOBRAN "&(F101-E101))) | I101: Colecciones anteriores | J101: Código de barras del archivo nuevo
A102: 94700601 | B102: 48924594700601 | C102: Buzo Mixer verde aventura6T | E102: 0 | F102: =SUMPRODUCT(--(Escaneo!$A$2:$A$5000=A102)) | G102: =F102-E102 | H102: =IF(F102=E102,"OK",IF(F102<E102,"FALTAN "&(E102-F102),"SOBRAN "&(F102-E102))) | I102: Colecciones anteriores | J102: Código de barras del archivo nuevo
... A396: 27000633 | B396: 49785827000633 | C396: Vestido Stamps 7-8T | E396: 0 | F396: =SUMPRODUCT(--(Escaneo!$A$2:$A$5000=A396)) | G396: =F396-E396 | H396: =IF(F396=E396,"OK",IF(F396<E396,"FALTAN "&(E396-F396),"SOBRAN "&(F396-E396))) | I396: Colecciones anteriores | J396: Código de barras del archivo nuevo
C397: TOTAL | E397: =SUM(E2:E396) | F397: =SUM(F2:F396) | G397: =SUM(G2:G396)

Sheet Sin código de barras
A1: Código Siigo | B1: Producto | C1: Conteo manual | D1: Existencia Siigo | E1: Diferencia
A2: SALE4 | B2: Buzos y Chaquetas SaleU | D2: 14 | E2: =IF(C2="","",C2-D2)
A3: CAJA-PIZZA | B3: CAJA PIZZA LOBSTER | D3: 718 | E3: =IF(C3="","",C3-D3)
A4: CSTMIXHOAZSM | B4: Camiseta Azul Espacial Hombre - S/M | D4: 1 | E4: =IF(C4="","",C4-D4)
A5: CSTMIXHOAZXL | B5: Camiseta Azul Espacial Hombre - XL | D5: 2 | E5: =IF(C5="","",C5-D5)
A6: CSTMIXMUAZML | B6: Camiseta Azul Espacial Mujer - M/L | D6: 2 | E6: =IF(C6="","",C6-D6)
A7: CSTMIXMUAZXSS | B7: Camiseta Azul Espacial Mujer - XS/S | D7: 2 | E7: =IF(C7="","",C7-D7)
A8: CSTMIXHOBLXL | B8: Camiseta Blanco Nube Hombre - XL | D8: 1 | E8: =IF(C8="","",C8-D8)
A9: CSTMIXHOCAFL | B9: Camiseta Cafe Explorador Hombre - L | D9: 1 | E9: =IF(C9="","",C9-D9)
A10: CSTMIXHOCAFSM | B10: Camiseta Cafe Explorador Hombre - S/M | D10: 1 | E10: =IF(C10="","",C10-D10)
A11: CST-MIXHOCAFXL | B11: Camiseta Cafe Explorador Hombre - XL | D11: 4 | E11: =IF(C11="","",C11-D11)
A12: CSTMIXMUCAFML | B12: Camiseta Café Explorador Mujer - M/L | D12: 1 | E12: =IF(C12="","",C12-D12)
A13: CSTMIXMUCAFXSS | B13: Camiseta Café Explorador Mujer - XS/S | D13: 2 | E13: =IF(C13="","",C13-D13)
... A26: SH-AL-RE-VE-T8 | B26: shorts-retroclover | D26: 1 | E26: =IF(C26="","",C26-D26)
